id	name
1000	TRAIN TRIP ロゴ
1001	東室蘭駅
1002	岩見沢駅
1003	苫小牧駅
1004	旭川駅
1005	稚内駅
1006	函館駅
1007	新函館北斗駅
1008	森駅
1009	赤井川駅
1010	釧路駅
1011	北千住駅
1012	池袋駅
1013	恵比寿駅
1014	御徒町駅
1015	新橋駅
1016	蒲田駅
1017	桜木町駅
1018	藤沢駅
1019	小田原駅
1020	国立駅
1021	甲府駅
1022	大宮駅
1023	宇都宮駅
1024	高崎駅
1025	長野原草津口駅
1026	いわき駅
1027	勝田駅
1028	千葉駅
1029	成田空港駅
1030	盛岡駅
1031	青森駅
1032	角館駅
1033	秋田駅
1034	新潟駅
1035	酒田駅
1036	松本駅
1037	軽井沢駅
1038	本塩釜駅
1039	米沢駅
1040	喜多方駅
1041	三島駅
1042	静岡駅
1043	掛川駅
1044	浜松駅
1045	用宗駅
1046	藤枝駅
1047	金谷駅
1048	富士宮駅
1049	内船駅
1050	御殿場駅
1051	名古屋駅
1052	熱田駅
1053	二川駅
1054	大垣駅
1055	半田駅
1056	南木曽駅
1057	高山駅
1058	下呂駅
1059	可児駅
1060	伊勢市駅
1061	大阪駅
1062	天王寺駅
1063	三ノ宮駅
1064	姫路駅
1065	京都駅
1066	奈良駅
1067	桜井駅
1068	長浜駅
1069	和歌山駅
1070	紀伊田辺駅
1071	東舞鶴駅
1072	金沢駅
1073	和倉温泉駅
1074	新高岡駅
1075	黒部宇奈月温泉駅
1076	敦賀駅
1077	糸魚川駅
1078	岡山駅
1079	倉敷駅
1080	津山駅
1081	福山駅
1082	広島駅
1083	呉駅
1084	新山口駅
1085	下関駅
1086	萩駅
1087	鳥取駅
1088	米子駅
1089	松江駅
1090	大田市駅
1091	下灘駅
1092	学駅
1093	宇和島駅
1094	高松駅
1095	多度津駅
1096	鳴門駅
1097	伊予西条駅
1098	近永駅
1099	徳島駅
1100	窪川駅
1101	門司港駅
1102	小倉駅
1103	博多駅
1104	佐賀駅
1105	唐津駅
1106	長崎駅
1107	佐世保駅
1108	熊本駅
1109	三角駅
1110	阿蘇駅
1111	別府駅
1112	大分駅
1113	幣舞橋駅
1114	日田駅
1115	鹿児島中央駅
1116	指宿駅
1117	嘉例川駅
1118	宮崎駅
1119	青島駅
1120	南郷駅
1121	新千歳空港駅
1122	富良野駅
1123	倶知安駅
1124	江別駅
1125	美瑛駅
1126	名寄駅
1127	奥津軽いまべつ駅
1128	根室駅
1129	摩周駅
1130	帯広駅
1131	王子駅
1132	代々木駅
1133	亀有駅
1134	品川駅
1135	上野駅
1136	西荻窪駅
1137	鶴見駅
1138	平塚駅
1139	真鶴駅
1140	八王子駅
1141	大月駅
1142	南越谷駅
1143	烏山駅
1144	水上駅
1145	前橋駅
1146	日立駅
1147	原ノ町駅
1148	銚子駅
1149	成田駅
1150	仙台駅
1151	山形駅
1152	福島駅
1153	北上駅
1154	一ノ関駅
1155	男鹿駅
1156	象潟駅
1157	十日町駅
1158	長岡駅
1159	長野駅
1160	野辺山駅
1161	一身田駅
1162	波田須駅
1163	熊野市駅
1164	見浦駅
1165	亀崎駅
1166	飛騨古川駅
1167	中津川駅
1168	木曽福島駅
1169	那智駅
1170	豊川駅
1171	三河槙原駅
1172	関ヶ原駅
1173	岐阜駅
1174	蒲郡駅
1175	舞阪駅
1176	焼津駅
1177	沼津駅
1178	沼久保駅
1179	市川大門駅
1180	富士川駅
1181	嵯峨嵐山駅
1182	円町駅
1183	明石駅
1184	越中八尾駅
1185	小浜駅
1186	新見駅
1187	長船駅
1188	中国勝山駅
1189	笠岡駅
1190	三原駅
1191	柳井駅
1192	亀嵩駅
1193	貴生川駅
1194	太地駅
1195	芦原温泉駅
1196	加賀温泉駅
1197	関西空港駅
1198	博多南駅
1199	周参見駅
1200	城崎温泉駅
1201	近江今津駅
1202	白浜駅
1203	彦根駅
1204	小松駅
1205	宇治駅
1206	伊部駅
1207	宮島口駅
1208	紀伊田辺駅
1209	武生駅
1210	智頭駅
1211	宇多津駅
1212	観音寺駅
1213	引田駅
1214	伊予大洲駅
1215	八幡浜駅
1216	安和駅
1217	土佐久礼駅
1218	南小松島駅
1219	阿南駅
1220	牟岐駅
1221	豊後中村駅
1222	中津駅
1223	杵築駅
1224	枕崎駅
1225	霧島温泉駅
1226	長洲駅
1227	木曽平沢駅
1228	新水俣駅
1229	水前寺駅
1230	鳥栖駅
1231	虹の松原駅
1232	吉野ヶ里公園駅
1233	姫路駅
1234	新大牟田駅
1235	海ノ中道駅
1236	田主丸駅
1237	飯塚駅
1238	北郷駅
1239	日向市駅
1240	延岡駅
1241	大阪駅
1242	新夕張駅
1243	小樽駅
1244	手稲駅
1245	新札幌駅
1246	札幌駅
1247	遠軽駅
1248	深川駅
1249	大沼公園駅
1250	新得駅
1251	池田駅
1252	松戸駅
1253	田端駅
1254	秋葉原駅
1255	十条駅
1256	東京駅
1257	高輪ゲートウェイ駅
1258	横須賀駅
1259	伊東駅
1260	川越駅
1261	立川駅
1262	高尾駅
1263	浦和駅
1264	日光駅
1265	横川駅
1266	桐生駅
1267	土浦駅
1268	常陸大子駅
1269	久留里駅
1270	勝浦駅
1271	鳴子温泉駅
1272	新庄駅
1273	只見駅
1274	八戸駅
1275	二戸駅
1276	弘前駅
1277	能代駅
1278	新津駅
1279	弥彦駅
1280	上田駅
1281	上諏訪駅
1282	吉祥寺駅
1283	富士駅
1284	美濃太田駅
1285	飛騨金山駅
1286	飛騨小坂駅
1287	甲斐常葉駅
1288	恵那駅
1289	伊那八幡駅
1290	鼎駅
1291	桜町駅
1292	飯田駅
1293	弁天島駅
1294	磐田駅
1295	足柄駅
1296	安倍川駅
1297	東田子の浦駅
1298	山北駅
1299	下部温泉駅
1300	南甲府駅
1301	伊那小沢駅
1302	小和田駅
1303	福知山駅
1304	大津駅
1305	梅小路京都西駅
1306	近江高島駅
1307	近江八幡駅
1308	マキノ駅
1309	山科駅
1310	郡山駅
1311	五条駅
1312	百舌鳥駅
1313	古座駅
1314	本竜野駅
1315	香住駅
1316	豊岡駅
1317	竹田駅
1318	富山駅
1319	福井駅
1320	鯖江駅
1321	越前大野駅
1322	一乗谷駅
1323	尾道駅
1324	総社駅
1325	児島駅
1326	竹原駅
1327	西条駅
1328	防府駅
1329	長門湯本駅
1330	安来駅
1331	出雲市駅
1332	松江駅
1333	詫間駅
1334	今治駅
1335	琴平駅
1336	松山駅
1337	新居浜駅
1338	土佐山田駅
1339	後免駅
1340	高知駅
1341	穴吹駅
1342	貞光駅
1343	豊後森駅
1344	津久見駅
1345	川内駅
1346	霧島神宮駅
1347	富合駅
1348	新八代駅
1349	多久駅
1350	神埼駅
1351	諫早駅
1352	ハウステンボス駅
1353	長与駅
1354	一日市駅
1355	東郷駅
1356	久留米駅
1357	築城駅
1358	城戸南蔵院前駅
1359	えびの駅
1360	伊集院駅
1361	折尾駅
1362	嬉野温泉駅
1363	新大村駅
1364	江北駅
1365	千歳駅
1366	登別駅
1367	五稜郭駅
1368	斜里駅
1369	我孫子駅
1370	新宿駅
1371	信濃町駅
1372	赤羽駅
1373	市ヶ谷駅
1374	鎌倉駅
1375	熱海駅
1376	神田駅
1377	川越駅
1378	那須塩原駅
1379	深谷駅
1380	越生駅
1381	水戸駅
1382	下館駅
1383	安房鴨川駅
1384	紀伊田辺駅
1385	松島海岸駅
1386	山寺駅
1387	会津若松駅
1388	東能代駅
1389	気仙沼駅
1390	横手駅
1391	大館駅
1392	飛騨萩原駅
1393	伊那福岡駅
1394	岡崎駅
1395	豊橋駅
1396	新居町駅
1397	御厨駅
1398	島田駅
1399	草薙駅
1400	清水駅
1401	興津駅
1402	蒲原駅
1403	松阪駅
1404	吉原駅
1405	下曽我駅
1406	身延駅
1407	多治見駅
1408	入山瀬駅
1409	袋井駅
1410	宝塚駅
1411	比叡山坂本駅
1412	二条駅
1413	亀岡駅
1414	天理駅
1415	三輪駅
1416	大阪城公園駅
1417	桜島駅
1418	串本駅
1419	播州赤穂駅
1420	城端駅
1421	砺波駅
1422	七尾駅
1423	九頭竜湖駅
1424	美浜駅
1425	日生駅
1426	宇野駅
1427	備中高梁駅
1428	忠海駅
1429	徳山駅
1430	岩国駅
1431	倉吉駅
1432	根雨駅
1433	木次駅
1434	志度駅
1435	三本松駅
1436	善通寺駅
1437	内子駅
1438	朝倉駅
1439	伊野駅
1440	佐川駅
1441	須崎駅
1442	阿波池田駅
1443	大歩危駅
1444	宇佐駅
1445	佐伯駅
1446	出雲市駅
1447	吉松駅
1448	新玉名駅
1449	立野駅
1450	新鳥栖駅
1451	有田駅
1452	多良駅
1453	肥前鹿島駅
1454	武雄温泉駅
1455	浦上駅
1456	箱崎駅
1457	黒崎駅
1458	筑後船小屋駅
1459	都城駅
1460	宮崎空港駅
1461	豊後竹田駅
1462	洞爺駅
1463	当別駅
1464	網走駅
1465	北見駅
1466	木古内駅
1467	標茶駅
1468	青梅駅
1469	寒川駅
1470	越後湯沢駅
1471	上越妙高駅
1472	飯山駅
1473	白馬駅
1474	勝川駅
1475	松田駅
1476	氷見駅
1477	王寺駅
1478	長居駅
1479	新宮駅
1480	羽咋駅
1481	松任駅
1482	音威子府駅
1483	函館駅
1484	田浦駅
1485	横瀬駅
1486	定光寺駅
1487	三河三谷駅
1488	箕島駅
1489	武田尾駅
1490	石鎚山駅
1491	市坪駅
1492	千綿駅
1493	西大山駅
1494	倶知安駅
1495	旭川駅
1496	御徒町駅
1497	鳴子温泉駅
1498	吉祥寺駅
1499	高尾駅
1500	飛騨古川駅
1501	下呂駅
1502	飛騨金山駅
1503	マキノ駅
1504	箕面駅
1505	嵯峨嵐山駅
1506	城崎温泉駅
1507	宇和島駅
1508	貞光駅
1509	唐津駅
1510	一日市駅
1511	折尾駅
1512	品川駅
1513	秋葉原駅
1514	品井駅
1515	大阪駅
1516	鹿児島中央駅
1517	手宮駅
1518	岩見沢駅
1519	横浜港駅
1520	武豊港駅
1521	三河大草駅
1522	宇都井駅
1523	小松島港駅
1524	宇和島駅
1525	志免駅
1526	室蘭駅
1527	木造駅
1528	小涌谷駅
1529	石川町駅
1530	鴨宮駅
1531	市川本町駅
1532	三瀬谷駅
1533	猪谷駅
1534	難波駅
1535	庭瀬駅
1536	亀甲駅
1537	大畑駅
1538	江川崎駅
1539	半家駅
1540	油津駅
1541	相知駅
1542	砂川駅
1543	小樽築港駅
1544	余市駅
1545	釧路駅
1546	川湯温泉駅
1547	豊富駅
1548	白滝駅
1549	木古内駅
1550	七飯駅
1551	鹿部駅
1552	五反田駅
1553	原宿駅
1554	目白駅
1555	巣鴨駅
1556	鶯谷駅
1557	水道橋駅
1558	湯河原駅
1559	根岸駅
1560	武蔵小金井駅
1561	奥多摩駅
1562	武蔵五日市駅
1563	小山駅
1564	吉川美南駅
1565	中之条駅
1566	大平下駅
1567	竜ヶ崎駅
1568	石岡駅
1569	幕張豊砂駅
1570	佐原駅
1571	三春駅
1572	白石駅
1573	寒河江駅
1574	大湊駅
1575	宮古駅
1576	十二湖駅
1577	田沢湖駅
1578	津川駅
1579	小千谷駅
1580	南小谷駅
1581	信濃大町駅
1582	新富士駅
1583	西富士宮駅
1584	岐阜羽島駅
1585	三島駅
1586	美濃赤坂駅
1587	裾野駅
1588	富士岡駅
1589	本長篠駅
1590	伊那市駅
1591	乙川駅
1592	神領駅
1593	飛騨宮田駅
1594	飛騨一ノ宮駅
1595	高山駅
1596	姫駅
1597	鳥羽駅
1598	井関駅
1599	伊勢竹原駅
1600	伊勢鎌倉駅
1601	伊勢奥津駅
1602	大阪天満宮駅
1603	東岸和田駅
1604	尼崎駅
1605	元町駅
1606	山崎駅
1607	加茂駅
1608	畝傍駅
1609	御所駅
1610	草津駅
1611	湯浅駅
1612	南部駅
1613	餘部駅
1614	小松駅
1615	加賀温泉駅
1616	富山駅
1617	黒部宇奈月温泉駅
1618	芦原温泉駅
1619	敦賀駅
1620	糸魚川駅
1621	吉備津駅
1622	吉永駅
1623	廿日市駅
1624	三次駅
1625	湯田温泉駅
1626	仙崎駅
1627	生山駅
1628	東浜駅
1629	益田駅
1630	津和野駅
1631	博多南駅
1632	高松駅
1633	坂出駅
1634	伊予三島駅
1635	松山駅
1636	卯之町駅
1637	高知駅
1638	佐川駅
1639	斗賀野駅
1640	徳島駅
1641	阿波大谷駅
1642	博多駅
1643	久留米駅
1644	熊本駅
1645	新八代駅
1646	川内駅
1647	鹿児島中央駅
1648	武雄温泉駅
1649	嬉野温泉駅
1650	現川駅
1651	長崎駅
1652	小倉駅
1653	佐賀駅
1654	大村車両基地駅
1655	別府駅
1656	大分駅
1657	由布院駅
1658	宮崎駅
1659	志布志駅
1660	子供の国駅
1661	香椎神宮駅
1662	新函館北斗駅
1663	小樽駅
1664	札幌駅
1665	桜木町駅
1666	軽井沢駅
1667	弘前駅
1668	飯田駅
1669	大阪駅
1670	岡山駅
1671	福井駅
1672	琴平駅
1673	門司港駅
1674	新宮駅
1675	森駅
1676	十勝清水駅
1677	芽室駅
1678	上川駅
1679	美幌駅
1680	滝川駅
1681	美唄駅
1682	ニセコ駅
1683	トマム駅
1684	目黒駅
1685	渋谷駅
1686	高円寺駅
1687	越中島駅
1688	大森駅
1689	柏駅
1690	中山駅
1691	大磯駅
1692	国府津駅
1693	府中本町駅
1694	三鷹駅
1695	さいたま新都心駅
1696	宝積寺駅
1697	熊谷駅
1698	渋川駅
1699	牛久駅
1700	高崎駅
1701	館山駅
1702	茂原駅
1703	石巻駅
1704	天童駅
1705	白河駅
1706	釜石駅
1707	鹿角花輪駅
1708	湯沢駅
1709	千畳敷駅
1710	青海川駅
1711	燕三条駅
1712	佐久平駅
1713	下諏訪駅
1714	金手駅
1715	千種駅
1716	多気駅
1717	赤城駅
1718	甲斐岩間駅
1719	大曽根駅
1720	上松駅
1721	うるま駅
1722	上麻生駅
1723	姨捨駅
1724	桑名駅
1725	四日市駅
1726	津駅
1727	大内山駅
1728	梅ヶ谷駅
1729	紀伊長島駅
1730	尾鷲駅
1731	田丸駅
1732	山田上口駅
1733	家城駅
1734	境町駅
1735	鶴橋駅
1736	新神戸駅
1737	坂越駅
1738	黄檗駅
1739	太秦駅
1740	吉野口駅
1741	堅田駅
1742	甲賀駅
1743	海南駅
1744	藤並駅
1745	豊岡駅
1746	竹田駅
1747	金沢駅
1748	和倉温泉駅
1749	新高岡駅
1750	城端駅
1751	福井駅
1752	鯖江駅
1753	砺波駅
1754	方谷駅
1755	美作滝尾駅
1756	五日市駅
1757	甲立駅
1758	川棚温泉駅
1759	宇部駅
1760	郡家駅
1761	浜村駅
1762	玉造温泉駅
1763	温泉津駅
1764	鬼無駅
1765	壬生川駅
1766	伊予長浜駅
1767	松丸駅
1768	阿波川口駅
1769	土佐大正駅
1770	屋島駅
1771	日和佐駅
1772	阿波海南駅
1773	鴨島駅
1774	福間駅
1775	豊後森駅
1776	湯平駅
1777	財部駅
1778	恵良駅
1779	三重町駅
1780	財光寺駅
1781	宇佐駅
1782	小長井駅
1783	肥前浜駅
1784	平成駅
1785	浮羽駅
1786	串木野駅
1787	五位野駅
1788	飫肥駅
1789	福吉駅
1790	京町温泉駅
1791	厳木駅
1792	勝野駅
1793	呼野駅
1794	八雲駅
1795	長万部駅
1796	帯広駅
1797	知床斜里駅
1798	旭川駅
1799	美深駅
1800	ロイズタウン駅
1801	恵庭駅
1802	北広島駅
1803	白老駅
1804	浜松町駅
1805	田町駅
1806	駒込駅
1807	馬喰町駅
1808	高田馬場駅
1809	馬橋駅
1810	中野島駅
1811	関内駅
1812	久里浜駅
1813	高麗川駅
1814	勝沼ぶどう郷駅
1815	古河駅
1816	小金井駅
1817	小川町駅
1818	上毛高原駅
1819	上菅谷駅
1820	笠間駅
1821	鹿島神宮駅
1822	佐倉駅
1823	多賀城駅
1824	高島駅
1825	郡山駅
1826	鮫駅
1827	ほっとゆだ駅
1828	大曲駅
1829	五所川原駅
1830	村上駅
1831	鶴岡駅
1832	清里駅
1833	小諸駅
1834	由比駅
1835	東静岡駅
1836	鷲津駅
1837	刈谷駅
1838	大府駅
1839	名古屋駅
1840	金山駅
1841	清洲駅
1842	尾張一宮駅
1843	垂井駅
1844	下土狩駅
1845	谷峨駅
1846	下地駅
1847	中井侍駅
1848	金野駅
1849	千代駅
1850	東浦駅
1851	美濃川合駅
1852	天竜峡駅
1853	三河安城駅
1854	星田駅
1855	高槻駅
1856	加古川駅
1857	芦屋駅
1858	西舞鶴駅
1859	綾部駅
1860	柳本駅
1861	三郷駅
1862	安土駅
1863	余呉駅
1864	金比羅寺駅
1865	御坊駅
1866	福崎駅
1867	大聖寺駅
1868	白久駅
1869	氷見駅
1870	越中八尾駅
1871	雨晴駅
1872	小浜駅
1873	美浜駅
1874	牧山駅
1875	府中駅
1876	秋津駅
1877	松永駅
1878	須佐駅
1879	長門峡駅
1880	伯耆大山駅
1881	青谷駅
1882	仁万駅
1883	江津駅
1884	伊予北条駅
1885	伊予市駅
1886	五郎駅
1887	大杉駅
1888	栗林公園北口駅
1889	北野駅
1890	池谷駅
1891	羽ノ浦駅
1892	石井駅
1893	鳴門駅
1894	黒崎駅
1895	行橋駅
1896	臼杵駅
1897	鹿児島駅
1898	伊万里駅
1899	若松駅
1900	香椎駅
1901	宮地駅
1902	基山駅
1903	採銅所駅
1904	浅海井駅
1905	宇島駅
1906	羽犬塚駅
1907	延岡駅
1908	立野駅
1909	串間駅
1910	大甕川駅
1911	奥洞海駅
1912	大隅大川原駅
1913	小林駅
1914	秋田駅
1915	大館駅
1916	新潟駅
1917	米沢駅
1918	米沢駅
1919	郡山駅
1920	小淵沢駅
1921	新潟駅
1922	上越妙高駅
1923	直江津駅
1924	茅沼駅
1925	千歳駅
1926	札幌駅
1927	幌延駅
1928	大沼駅
1929	桔梗駅
1930	南千歳駅
1931	女満別駅
1932	士別駅
1933	南稚内駅
1934	日暮里駅
1935	中野駅
1936	取手駅
1937	西大井駅
1938	大井町駅
1939	浮間舟渡駅
1940	新川崎駅
1941	新杉田駅
1942	町田駅
1943	鳩ノ巣駅
1944	竜王駅
1945	黒磯駅
1946	笠幡駅
1947	鴻巣駅
1948	土合駅
1949	十王駅
1950	岩間駅
1951	葛西臨海公園駅
1952	御宿駅
1953	栗駒高原駅
1954	左沢駅
1955	中野栄駅
1956	小岩井駅
1957	久慈駅
1958	鰺ヶ沢駅
1959	大鳴門橋駅
1960	水原駅
1961	巻駅
1962	信濃川上駅
1963	富士見駅
1964	紀伊井田駅
1965	天竜川駅
1966	尾頭橋駅
1967	東成岩駅
1968	三河東郷駅
1969	下島駅
1970	沢渡駅
1971	赤木駅
1972	片浜駅
1973	西岐阜駅
1974	伊那北駅
1975	三河塩津駅
1976	西八津駅
1977	菊川駅
1978	岩波駅
1979	白河口駅
1980	大高駅
1981	浄永駅
1982	東上駅
1983	弥富駅
1984	宇治駅
1985	石山駅
1986	奈良駅
1987	百舌鳥駅
1988	姫路駅
1989	由比駅
1990	香住駅
1991	篠山口駅
1992	紀伊勝浦駅
1993	周参見駅
1994	黒部宇奈月温泉駅
1995	富山駅
1996	金沢駅
1997	加賀温泉駅
1998	敦賀駅
1999	福井駅
2000	博多南駅
2001	矢神駅
2002	林野駅
2003	福渡駅
2004	境港駅
2005	波子駅
2006	浜田駅
2007	新白島駅
2008	大野浦駅
2009	備後西城駅
2010	特牛駅
2011	長門市駅
2012	下松駅
2013	常盤駅
2014	阿波中島駅
2015	鯖瀬駅
2016	波山川駅
2017	鶴羽駅
2018	伊予二名駅
2019	立間駅
2020	土佐新荘駅
2021	打井川駅
2022	土佐昭和駅
2023	由岐駅
2024	西戸崎駅
2025	大牟田駅
2026	鳥栖駅
2027	西唐津駅
2028	小長井駅
2029	大村駅
2030	肥前大浦駅
2031	人吉駅
2032	いこいの村駅
2033	東中津駅
2034	川棚駅
2035	幸崎駅
2036	日代駅
2037	上臼杵駅
2038	田野駅
2039	滝部駅
2040	平川駅
2041	市来駅
2042	山川駅
2043	東別府駅
2044	犀潟駅
2045	直江津駅
2046	高崎駅
2047	横浜駅
2048	宇都宮駅
2049	駅そば
2050	駅そば
2051	仙台駅
2052	駅そば
2053	米沢駅
2054	一ノ関駅
2055	駅そば
2056	駅そば
2057	駅そば
2058	駅そば
2059	八月駅
2060	駅そば
2061	駅そば
2062	駅そば
2063	秋田駅
2064	駅そば
2065	弘前駅
2066	越後湯沢駅
2067	駅そば
2068	新潟駅
2069	駅そば
2070	駅そば
2071	駅そば
2072	駅そば
2073	松本駅
2074	長野駅
2075	駅そば
2076	駅そば
2077	駅そば
2078	駅そば
2079	高崎駅
2080	駅そば
2081	駅そば
2082	上野駅
2083	駅そば
2084	水戸駅
2085	駅そば
2086	駅そば
2087	駅そば
2088	駅そば
2089	駅そば
2090	大宮駅
2091	川越駅
2092	駅そば
2093	駅そば
2094	駅そば
2095	駅そば
2096	駅そば
2097	駅そば
2098	駅そば
2099	駅そば
2100	宇佐駅
2101	駅そば
2102	駅そば
2103	駅そば
2104	品川駅
2105	駅そば
2106	駅そば
2107	駅そば
2108	駅そば
2109	駅そば
2110	駅そば
2111	駅そば
2112	駅そば
2113	駅そば
2114	駅そば
2115	駅そば
2116	駅そば
2117	駅そば
2118	駅そば
2119	駅そば
2120	駅そば
2121	駅そば
2122	駅そば
2123	駅そば
2124	駅そば
2125	駅そば
2126	駅そば
2127	駅そば
2128	駅そば
2129	駅そば
2130	駅そば
2131	駅そば
2132	駅そば
2133	駅そば
2134	駅そば
2135	駅そば
2136	駅そば
2137	駅そば
2138	駅そば
2139	駅そば
2140	駅そば
2141	駅そば
2142	駅そば
2143	駅そば
2144	駅そば
2145	東京駅
2146	駅そば
2147	駅そば
2148	駅そば
2149	駅そば
2150	駅そば
2151	駅そば
2152	新潟駅
2153	駅そば
2154	駅そば
2155	駅そば
2156	かき揚げそば
2157	駅そば
2158	駅そば
2159	駅そば
2160	駅そば
2161	駅そば
2162	駅そば
2163	駅そば
2164	駅そば
2165	西船橋駅
2166	駅そば
2167	駅そば
2168	駅そば
2169	駅そば
2170	駅そば
2171	駅そば
2172	駅そば
2173	駅そば
2174	駅そば
2175	駅そば
2176	駅そば
2177	駅そば
2178	駅そば
2179	駅そば
2180	駅そば
2181	戸塚駅
2182	駅そば
2183	駅そば
2184	駅そば
2185	福島駅
2186	駅そば
2187	長和駅
2188	赤湯駅
2189	大曽根浦駅
2190	誕生寺駅
2191	中川駅
2192	大畑駅
2193	野花南駅
2194	上桑名川駅
2195	五十鈴ケ丘駅
2196	岩山駅
2197	小歩危駅
2198	南由布駅
2199	赤井川駅
2200	木古内駅
2201	米原駅
2202	飯井駅
2203	穴吹駅
2204	東開駅
2205	北浜駅
2206	比羅夫駅
2207	銭函駅
2208	音別駅
2209	七戸十和田駅
2210	水沢江刺駅
2211	浦佐駅
2212	有楽町駅
2213	新白河駅
2214	新大久保駅
2215	春日井駅
2216	新城駅
2217	土岐市駅
2218	新蒲原駅
2219	中部天竜駅
2220	勝原駅
2221	出雲横田駅
2222	生野駅
2223	宇川郷駅
2224	玄武洞駅
2225	日本へそ公園駅
2226	丸亀駅
2227	波止浜駅
2228	波川駅
2229	阿波橘駅
2230	野矢駅
2231	日南駅
2232	波野駅
2233	肥後大津駅
2234	宇土駅
